{
  "directions": [
    -1,
    1,
    1,
    -1,
    -1,
    -1,
    1,
    1,
    1,
    1,
    -1,
    -1
  ],
  "tested": [
    true,
    true,
    true,
    true,
    true,
    true,
    true,
    true,
    true,
    true,
    true,
    true
  ],
  "deviations": [
    0.3639369573793374,
    0.6028544371947646,
    0.6791657894849777,
    0.917414277093485,
    1.4211395396123407,
    0.7363107932906132,
    0.6956603329163045,
    1.4101544750737958,
    1.9949419498443604,
    1.015708473045379,
    1.6723885695217178,
    2.307162692397833
  ],
  "timestamp": "2026-06-26T05:55:22.425127"
}